ФИО,Зарплата
Мельников Олег Вячеславович,547000
Гостев Павел Вячеславович,78000
Гостев Олег Анатольевич,828000
Глазырин Павел Денисович,752000
Гостев Анатолий Анатольевич,693000
Омутных Олег Павлович,205000
Глазырин Павел Павлович,556000
Омутных Денис Олегович,658000
Глазырин Вячеслав Вячеславович,854000
Омутных Олег Денисович,988000
Омутных Анатолий Олегович,275000
Мельников Вячеслав Павлович,522000
Глазырин Олег Павлович,755000
Омутных Павел Олегович,840000
Омутных Олег Вячеславович,754000
Гостев Павел Денисович,561000
Гостев Анатолий Павлович,879000
Гостев Олег Павлович,609000
Омутных Вячеслав Вячеславович,528000
Омутных Олег Денисович,475000
Мельников Олег Анатольевич,434000
Омутных Павел Вячеславович,550000
Омутных Денис Олегович,671000
Омутных Вячеслав Павлович,902000
Гостев Павел Анатольевич,980000
Глазырин Павел Олегович,614000
Омутных Павел Анатольевич,323000
Мельников Вячеслав Вячеславович,341000
Мельников Павел Денисович,795000
Глазырин Олег Анатольевич,932000
Омутных Денис Олегович,238000
Глазырин Денис Денисович,93000
Омутных Олег Павлович,699000
Глазырин Анатолий Анатольевич,985000
Омутных Павел Олегович,793000
Мельников Олег Павлович,396000
Омутных Вячеслав Анатольевич,527000
Глазырин Анатолий Вячеславович,610000
Омутных Павел Павлович,136000
Глазырин Павел Денисович,90000
Мельников Вячеслав Олегович,918000
Глазырин Вячеслав Вячеславович,186000
Омутных Денис Олегович,826000
Гостев Павел Олегович,359000
Глазырин Олег Денисович,665000
Гостев Павел Павлович,609000
Гостев Павел Олегович,152000
Гостев Павел Павлович,278000
Омутных Олег Вячеславович,527000
Мельников Денис Павлович,445000
